{"Accuracy": [0.7805706521739131], "Precision": [0.74437813299681], "Recall": [0.7398922934315768], "F1 Score": [0.7420238380096178], "roc_auc": [0.7398922934315769], "execution_time": [27.218058824539185], "pred_days_difference": [16.892857142857142], "sharpe_ratio": ["{\"0\":-0.4327182413}"], "initial_value": ["{\"0\":10000.0}"], "final_value": ["{\"0\":5197.9698364258}"], "total_return": ["{\"0\":0.5197969836}"]}